https://www.imdb.com/review/rw0349418/?ref_=tt_urv,5 star
https://www.imdb.com/review/rw1897116/?ref_=tt_urv,5 star
https://www.imdb.com/review/rw0135458/?ref_=tt_urv,5 star
https://www.imdb.com/review/rw1908115/?ref_=tt_urv,5 star
https://www.imdb.com/review/rw0950919/?ref_=tt_urv,5 star
https://www.imdb.com/review/rw2865988/?ref_=tt_urv,5 star
https://www.imdb.com/review/rw1040738/?ref_=tt_urv,5 star
https://www.imdb.com/review/rw1218264/?ref_=tt_urv,5 star
https://www.imdb.com/review/rw0092718/?ref_=tt_urv,5 star
https://www.imdb.com/review/rw0520946/?ref_=tt_urv,5 star
https://www.imdb.com/review/rw2155021/?ref_=tt_urv,4 star
https://www.imdb.com/review/rw0338976/?ref_=tt_urv,4 star
https://www.imdb.com/review/rw3457948/?ref_=tt_urv,4 star
https://www.imdb.com/review/rw2276780/?ref_=tt_urv,4 star
https://www.imdb.com/review/rw2294579/?ref_=tt_urv,4 star
https://www.imdb.com/review/rw4176496/?ref_=tt_urv,4 star
https://www.imdb.com/review/rw1049507/?ref_=tt_urv,4 star
https://www.imdb.com/review/rw0509495/?ref_=tt_urv,4 star
https://www.imdb.com/review/rw0053410/?ref_=tt_urv,4 star
https://www.imdb.com/review/rw1308099/?ref_=tt_urv,4 star
https://www.imdb.com/review/rw1186034/?ref_=tt_urv,3 star
https://www.imdb.com/review/rw2490096/?ref_=tt_urv,3 star
https://www.imdb.com/review/rw0299472/?ref_=tt_urv,3 star
https://www.imdb.com/review/rw1323003/?ref_=tt_urv,3 star
https://www.imdb.com/review/rw0409483/?ref_=tt_urv,3 star
https://www.imdb.com/review/rw1193480/?ref_=tt_urv,3 star
https://www.imdb.com/review/rw3338740/?ref_=tt_urv,3 star
https://www.imdb.com/review/rw0470986/?ref_=tt_urv,3 star
https://www.imdb.com/review/rw0982151/?ref_=tt_urv,3 star
https://www.imdb.com/review/rw0454951/?ref_=tt_urv,3 star
https://www.imdb.com/review/rw3127128/?ref_=tt_urv,2 star
https://www.imdb.com/review/rw4472580/?ref_=tt_urv,2 star
https://www.imdb.com/review/rw0442179/?ref_=tt_urv,2 star
https://www.imdb.com/review/rw4442935/?ref_=tt_urv,2 star
https://www.imdb.com/review/rw1566636/?ref_=tt_urv,2 star
https://www.imdb.com/review/rw0026116/?ref_=tt_urv,2 star
https://www.imdb.com/review/rw3366619/?ref_=tt_urv,2 star
https://www.imdb.com/review/rw0746802/?ref_=tt_urv,2 star
https://www.imdb.com/review/rw2561895/?ref_=tt_urv,2 star
https://www.imdb.com/review/rw2224233/?ref_=tt_urv,2 star
https://www.imdb.com/review/rw0300378/?ref_=tt_urv,1 star
https://www.imdb.com/review/rw3703339/?ref_=tt_urv,1 star
https://www.imdb.com/review/rw3210017/?ref_=tt_urv,1 star
https://www.imdb.com/review/rw0052667/?ref_=tt_urv,1 star
https://www.imdb.com/review/rw2592309/?ref_=tt_urv,1 star
https://www.imdb.com/review/rw1545947/?ref_=tt_urv,1 star
https://www.imdb.com/review/rw1016548/?ref_=tt_urv,1 star
https://www.imdb.com/review/rw1551543/?ref_=tt_urv,1 star
https://www.imdb.com/review/rw1079025/?ref_=tt_urv,1 star
https://www.imdb.com/review/rw3506578/?ref_=tt_urv,1 star
https://www.imdb.com/review/rw1014961/?ref_=tt_urv,5 star
https://www.imdb.com/review/rw4208353/?ref_=tt_urv,5 star
https://www.imdb.com/review/rw3684203/?ref_=tt_urv,1 star
https://www.imdb.com/review/rw1988237/?ref_=tt_urv,3 star
https://www.imdb.com/review/rw1030784/?ref_=tt_urv,4 star
https://www.imdb.com/review/rw1840571/?ref_=tt_urv,5 star
https://www.imdb.com/review/rw1634545/?ref_=tt_urv,4 star
https://www.imdb.com/review/rw0081270/?ref_=tt_urv,1 star
https://www.imdb.com/review/rw2920856/?ref_=tt_urv,2 star
https://www.imdb.com/review/rw1030037/?ref_=tt_urv,4 star
https://www.imdb.com/review/rw2742396/?ref_=tt_urv,5 star
https://www.imdb.com/review/rw1933356/?ref_=tt_urv,3 star
https://www.imdb.com/review/rw0426512/?ref_=tt_urv,4 star
https://www.imdb.com/review/rw4228100/?ref_=tt_urv,1 star
https://www.imdb.com/review/rw0591850/?ref_=tt_urv,5 star
https://www.imdb.com/review/rw2647075/?ref_=tt_urv,4 star
https://www.imdb.com/review/rw1331940/?ref_=tt_urv,1 star
https://www.imdb.com/review/rw3679699/?ref_=tt_urv,1 star
https://www.imdb.com/review/rw1226005/?ref_=tt_urv,2 star
https://www.imdb.com/review/rw3851242/?ref_=tt_urv,2 star
https://www.imdb.com/review/rw2308631/?ref_=tt_urv,1 star
https://www.imdb.com/review/rw0023960/?ref_=tt_urv,4 star
https://www.imdb.com/review/rw1171747/?ref_=tt_urv,5 star
https://www.imdb.com/review/rw0066408/?ref_=tt_urv,5 star
https://www.imdb.com/review/rw0068579/?ref_=tt_urv,3 star
https://www.imdb.com/review/rw3772987/?ref_=tt_urv,3 star
https://www.imdb.com/review/rw0204301/?ref_=tt_urv,2 star
https://www.imdb.com/review/rw1097091/?ref_=tt_urv,2 star
https://www.imdb.com/review/rw3562206/?ref_=tt_urv,3 star
https://www.imdb.com/review/rw2579310/?ref_=tt_urv,4 star
https://www.imdb.com/review/rw3629131/?ref_=tt_urv,3 star
https://www.imdb.com/review/rw0611116/?ref_=tt_urv,1 star
https://www.imdb.com/review/rw4226857/?ref_=tt_urv,1 star
https://www.imdb.com/review/rw3001891/?ref_=tt_urv,2 star
https://www.imdb.com/review/rw0902509/?ref_=tt_urv,2 star
https://www.imdb.com/review/rw3630983/?ref_=tt_urv,4 star
https://www.imdb.com/review/rw0671712/?ref_=tt_urv,4 star
https://www.imdb.com/review/rw2852263/?ref_=tt_urv,2 star
https://www.imdb.com/review/rw2179877/?ref_=tt_urv,2 star
https://www.imdb.com/review/rw2892293/?ref_=tt_urv,3 star
https://www.imdb.com/review/rw0984980/?ref_=tt_urv,5 star
https://www.imdb.com/review/rw1744533/?ref_=tt_urv,5 star
https://www.imdb.com/review/rw1090168/?ref_=tt_urv,1 star
https://www.imdb.com/review/rw2116768/?ref_=tt_urv,5 star
https://www.imdb.com/review/rw1551647/?ref_=tt_urv,4 star
https://www.imdb.com/review/rw0079452/?ref_=tt_urv,5 star
https://www.imdb.com/review/rw0038334/?ref_=tt_urv,4 star
https://www.imdb.com/review/rw4050421/?ref_=tt_urv,4 star
https://www.imdb.com/review/rw3181134/?ref_=tt_urv,2 star
https://www.imdb.com/review/rw2265971/?ref_=tt_urv,5 star
